name,club,position,wage
Declan Breen,BMNA,GK,200
David Walsh,BMNA,GK,300
Gareth Deane,BNGR,GK,250
Patrick Solis Grogan,BNGR,GK,250
Nathan Gartside,CKRG,GK,300
Scott Pengelly,CKRG,GK,200
PJ Morrison,CLIF,GK,300
Lewis Ridd,CLIF,GK,250
Ryan Schofield,COLE,GK,400
Lewis Webb,COLE,GK,350
Rian Brown,CRUS,GK,300
Shea Callister,CRUS,GK,250
Declan Dunne,DGNS,GK,300
Alex Henderson,DGNS,GK,200
Billy Crellin,GLNT,GK,300
Andrew Mills,GLNT,GK,350
Dylan Graham,LARN,GK,200
Rohan Ferguson,LARN,GK,400
Fintan Doherty,LIMV,GK,200
Martin Gallagher,LIMV,GK,300
Aidan Glavin,LINF,GK,200
Chris Johns,LINF,GK,400
Aaron McCarey,PORT,GK,300
Alex Moore,PORT,GK,200
Jonny Addis,BMNA,DEF,350
Matthew Clarke,BMNA,DEF,350
Micheal Glynn,BMNA,DEF,350
Shane McEleney,BMNA,DEF,300
Daithi McCallion,BMNA,DEF,300
David Toure,BMNA,DEF,350
Scot Whiteside,BMNA,DEF,350
Lewis Francis,BNGR,DEF,250
Iestyn Hughes,BNGR,DEF,300
Harry Lynch,BNGR,DEF,350
Alfie Mitchell,BNGR,DEF,250
Steven McCullough,BNGR,DEF,300
Caomhan McGuinness,BNGR,DEF,250
Stephen McGuinness,BNGR,DEF,300
Reece Neale,BNGR,DEF,300
Jeremi Rodriguez,BNGR,DEF,300
Ethan Boyle,CKRG,DEF,250
Ben Buchanan-Rolleston,CKRG,DEF,250
Billy Joe Burns,CKRG,DEF,300
Jimmy Callacher,CKRG,DEF,300
Jordan Forsythe,CKRG,DEF,350
Caleb Hawthorne,CKRG,DEF,250
Luke McCullough,CKRG,DEF,350
Cian O'Malley,CKRG,DEF,250
Mikey Place,CKRG,DEF,300
Alex Bannon,CLIF,DEF,300
Luke Conlan,CLIF,DEF,300
Aidan Kelly,CLIF,DEF,250
Shaun Leppard,CLIF,DEF,300
Kyle McClelland,CLIF,DEF,300
Dan O'Connor,CLIF,DEF,300
Ollie Samuels,CLIF,DEF,250
Aaron Wightman,CLIF,DEF,300
Conrad Hunt,COLE,DEF,250
Levi Ives,COLE,DEF,400
Dean Jarvis,COLE,DEF,350
Lyndon Kane,COLE,DEF,400
Kodi Lyons-Foster,COLE,DEF,400
Cameron Stewart,CRUS,DEF,300
Aidan Wilson,CRUS,DEF,400
Lewis Barr,CRUS,DEF,300
Jacob Blaney,CRUS,DEF,300
Cameron Bruce,CRUS,DEF,300
Kurtis Forsythe,CRUS,DEF,300
Graham Kelly,CRUS,DEF,350
Ryan McKay,CRUS,DEF,250
Scot Rough,CRUS,DEF,300
Adam Glenny,DGNS,DEF,350
Peter Maguire,DGNS,DEF,250
Cahal McGinty,DGNS,DEF,300
Barney McKeown,DGNS,DEF,300
John Scott,DGNS,DEF,250
Steven Scott,DGNS,DEF,300
Danny Wallace,DGNS,DEF,300
Ryan Cooney,GLNT,DEF,400
Zeno Ibsen Rossi,GLNT,DEF,350
Marcus Kane,GLNT,DEF,350
Daniel Larmour,GLNT,DEF,400
Jarlath O'Rourke,GLNT,DEF,400
Tomas Cosgrove,LARN,DEF,400
Aaron Donnelly,LARN,DEF,400
Sean Graham,LARN,DEF,400
Matt Ridley,LARN,DEF,400
Sam McClelland,LARN,DEF,400
James Simpson,LARN,DEF,300
Logan Wallace,LARN,DEF,300
Tiernan Boorman,LIMV,DEF,300
Rodney Brown,LIMV,DEF,300
Kieran Farren,LIMV,DEF,300
Daniel Lafferty,LIMV,DEF,300
Adam Mullan,LIMV,DEF,300
Stephen O'Donnell,LIMV,DEF,300
Matthew Walker,LIMV,DEF,250
Sean Brown,LINF,DEF,300
Jon Graham,LINF,DEF,200
Ben Hall,LINF,DEF,350
Darragh Leahy,LINF,DEF,350
Dane McCullough,LINF,DEF,300
Ethan McGee,LINF,DEF,400
Ryan Nolan,LINF,DEF,350
Baris Altintop,PORT,DEF,300
Rhys Breen,PORT,DEF,300
Matthew Carson,PORT,DEF,250
Lee Chapman,PORT,DEF,300
Michael Hewitt,PORT,DEF,300
Divin Isamala,PORT,DEF,300
Lewis MacKinnon,PORT,DEF,300
Aaron Traynor,PORT,DEF,300
Josh Archer,BMNA,MID,300
Charlie Allen,BMNA,MID,300
Stephen Fallon,BMNA,MID,300
James Hood,BMNA,MID,250
Owen Mahoney,BMNA,MID,250
Caoimhin McConnell,BMNA,MID,250
Sean Murray,BMNA,MID,300
Donal Rocks,BMNA,MID,300
Fuad Sule,BMNA,MID,400
Liam Burns,BNGR,MID,250
Oisin Devlin,BNGR,MID,300
Ross Ferguson,BNGR,MID,250
Lewis Harrison,BNGR,MID,300
Liam Hassin,BNGR,MID,300
Scott McArthur,BNGR,MID,300
Tiarnan Mulvenna,BNGR,MID,300
Kyle Cherry,CKRG,MID,300
Seanan Clucas,CKRG,MID,300
Joe Crowe,CKRG,MID,300
Matthew Snoddy,CKRG,MID,300
Aidan Steele,CKRG,MID,300
Bayo Fapetu,CLIF,MID,300
Rory Hale,CLIF,MID,400
Dean McMaster,CLIF,MID,350
Joe Sheridan,CLIF,MID,300
Joel Thompson,CLIF,MID,300
Harry Wilson,CLIF,MID,350
Dylan Boyle,COLE,MID,400
Mark Coyle,COLE,MID,400
Senan Devine,COLE,MID,300
Oliver Devlin,COLE,MID,250
Jay Henderson,COLE,MID,300
Rowan McDonald,COLE,MID,350
Connor Murray,COLE,MID,350
Will Patching,COLE,MID,400
Ben Wylie,COLE,MID,300
Lloyd Anderson,CRUS,MID,300
Jack Doherty,CRUS,MID,250
Harry Jewitt-White,CRUS,MID,300
Oilibhear McCart,CRUS,MID,300
Kieran McKechnie,CRUS,MID,300
Finley Thorndike,CRUS,MID,300
Robbie Weir,CRUS,MID,300
Josh Williamson,CRUS,MID,300
Leo Alves,DGNS,MID,350
Gael Bigirimana,DGNS,MID,300
Paul Doyle,DGNS,MID,300
Shea Gordon,DGNS,MID,300
Tiernan Kelly,DGNS,MID,300
Kris Lowe,DGNS,MID,300
Michael McElhatton,DGNS,MID,200
Bobby-Jack McAleese,DGNS,MID,250
Liam Burt,GLNT,MID,350
James Douglas,GLNT,MID,250
Josh Kelly,GLNT,MID,300
Charlie Lindsay,GLNT,MID,300
Jack Malone,GLNT,MID,350
Aaron McEneff,GLNT,MID,400
James Singleton,GLNT,MID,350
Greg Sloggett,GLNT,MID,350
Joe Thomson,GLNT,MID,400
Cormac Austin,LARN,MID,300
Dan Bent,LARN,MID,400
Ronan Doherty,LARN,MID,400
Chris Gallagher,LARN,MID,400
Jordan McEneff,LARN,MID,350
Leroy Millar,LARN,MID,400
Mark Randall,LARN,MID,400
Dylan Sloan,LARN,MID,350
Ruairi Boorman,LIMV,MID,300
Sean Carlin,LIMV,MID,300
Alfie Gaston,LIMV,MID,250
Aaron Jarvis,LIMV,MID,300
Philip Lowry,LIMV,MID,300
Stephen Lowry,LIMV,MID,300
Jake Martin,LIMV,MID,250
Connor McCloskey,LIMV,MID,300
Lewis Tosh,LIMV,MID,300
Ronan Wilson,LIMV,MID,300
Isaac Baird,LINF,MID,300
Adam Frizzell,LINF,MID,350
Kyle McClean,LINF,MID,400
Jamie Mulgrew,LINF,MID,400
Chris Shields,LINF,MID,400
Dylan Wells,LINF,MID,350
Dominic Dos Santos Martins,PORT,MID,300
Rabby Tabu Minzamba,PORT,MID,350
Jack Scott,PORT,MID,300
Gary Thompson,PORT,MID,350
Adamh Towe,PORT,MID,300
Luke Wilson,PORT,MID,350
Success Edogun,BMNA,FWD,350
Ben Kennedy,BMNA,FWD,400
Calvin McCurry,BMNA,FWD,250
Ben Arthurs,BNGR,FWD,350
Jay Boyd,BNGR,FWD,300
Ben Cushnie,BNGR,FWD,300
Lucas McRoberts,BNGR,FWD,300
Michael Morgan,BNGR,FWD,300
Jack O'Mahony,BNGR,FWD,250
Jack Boyd,CKRG,FWD,250
Danny Gibson,CKRG,FWD,400
Jack Hastings,CKRG,FWD,300
Paul Heatley,CKRG,FWD,350
Adam Lecky,CKRG,FWD,350
Nedas Maciulaitis,CKRG,FWD,350
Joe Moore,CKRG,FWD,300
Daire O'Connor,CKRG,FWD,400
Rhyss Campbell,CLIF,FWD,350
Ryan Corrigan,CLIF,FWD,250
Ryan Curran,CLIF,FWD,300
Joe Gormley,CLIF,FWD,350
Keevan Hawthorne,CLIF,FWD,250
Brian Healy,CLIF,FWD,350
Liam McStravick,CLIF,FWD,350
Eric McWoods,CLIF,FWD,300
Ben Quinn,CLIF,FWD,300
James Akintunde,COLE,FWD,300
Joel Cooper,COLE,FWD,400
Ben Doherty,COLE,FWD,400
Lewis McGregor,COLE,FWD,350
Conor McMenamin,COLE,FWD,400
Matthew Shevlin,COLE,FWD,400
Adam Brooks,CRUS,FWD,350
Elliot Dunlop,CRUS,FWD,250
Thomas Maguire,CRUS,FWD,300
Michael Mulholland,CRUS,FWD,250
Stewart Nixon,CRUS,FWD,300
Owen Wardell,CRUS,FWD,250
Sam Anderson,DGNS,FWD,250
Aidan Hegarty,DGNS,FWD,250
Kealan Dillon,DGNS,FWD,350
Jamie Glackin,DGNS,FWD,350
Sean McAllister,DGNS,FWD,350
Darragh McBrien,DGNS,FWD,300
Andrew Mitchell,DGNS,FWD,300
Corey Smith,DGNS,FWD,300
Ross Clarke,GLNT,FWD,350
Josh Daniels,GLNT,FWD,400
Nathaniel Ferris,GLNT,FWD,300
Ben Gallagher,GLNT,FWD,300
Pat Hoban,GLNT,FWD,400
Jordan Jenkins,GLNT,FWD,350
Jordan Stewart,GLNT,FWD,400
Rhys Walsh,GLNT,FWD,300
Montel Gibson,LARN,FWD,350
Matthew Lusty,LARN,FWD,400
Benji Magee,LARN,FWD,350
Conor McKendry,LARN,FWD,400
Tiarnan O'Connor,LARN,FWD,400
Kevin O'Hara,LARN,FWD,400
Paul O'Neill,LARN,FWD,350
Leon Boyd,LIMV,FWD,300
John Butcher,LIMV,FWD,250
Oisin Duffy,LIMV,FWD,250
Michael Harris,LIMV,FWD,250
Rhys Annett,LINF,FWD,300
Charlie Chapman,LINF,FWD,250
Matthew Fitzpatrick,LINF,FWD,400
Kirk Millar,LINF,FWD,400
Kobei Moore,LINF,FWD,350
Kieran Offord,LINF,FWD,400
Oatnasio da Silva,PORT,FWD,250
Conor Falls,PORT,FWD,300
Eamon Fyfe,PORT,FWD,350
Liam Jessop,PORT,FWD,300
Ahu Obhakhan,PORT,FWD,300
Sean O'Mahony,PORT,FWD,300
James Teelan,PORT,FWD,300
Rayhaan Tulloch,PORT,FWD,300
Oran Kearney,BMNA,AM,350
Lee Feeney,BNGR,AM,300
Stephen Baxter,CKRG,AM,300
Jim Magilton,CLIF,AM,350
Ruaidhri Higgins,COLE,AM,400
Declan Caddell,CRUS,AM,300
Rodney McAree,DGNS,AM,350
Declan Devine,GLNT,AM,400
Gary Haveron,LARN,AM,400
Paul Owens,LIMV,AM,300
David Healy,LINF,AM,400
David Jeffrey,PORT,AM,300