name,projected_points
Declan Breen,7.1
David Walsh,14.1
Gareth Deane,12.1
Patrick Solis Grogan,7.0
Nathan Gartside,9.9
Scott Pengelly,8.9
PJ Morrison,22.4
Lewis Ridd,9.6
Ryan Schofield,36.4
Lewis Webb,24.5
Rian Brown,59.0
Shea Callister,66.9
Declan Dunne,12.7
Alex Henderson,3.8
Billy Crellin,8.0
Andrew Mills,78.3
Dylan Graham,5.3
Rohan Ferguson,126.8
Fintan Doherty,27.5
Martin Gallagher,20.0
Aidan Glavin,14.0
Chris Johns,98.2
Aaron McCarey,8.9
Alex Moore,5.5
Jonny Addis,53.7
Matthew Clarke,41.5
Micheal Glynn,48.2
Shane McEleney,36.4
Daithi McCallion,23.1
David Toure,35.1
Scot Whiteside,24.7
Lewis Francis,24.6
Iestyn Hughes,20.2
Harry Lynch,40.2
Alfie Mitchell,23.4
Steven McCullough,23.8
Caomhan McGuinness,10.8
Stephen McGuinness,22.0
Reece Neale,35.7
Jeremi Rodriguez,28.1
Ethan Boyle,9.4
Ben Buchanan-Rolleston,16.9
Billy Joe Burns,34.3
Jimmy Callacher,33.6
Jordan Forsythe,34.4
Caleb Hawthorne,23.4
Luke McCullough,50.9
Cian O'Malley,10.8
Mikey Place,24.6
Alex Bannon,28.1
Luke Conlan,23.8
Aidan Kelly,15.8
Shaun Leppard,32.6
Kyle McClelland,18.7
Dan O'Connor,42.6
Ollie Samuels,26.9
Aaron Wightman,12.9
Conrad Hunt,23.4
Levi Ives,65.7
Dean Jarvis,53.7
Lyndon Kane,43.0
Kodi Lyons-Foster,40.7
Cameron Stewart,12.9
Aidan Wilson,39.3
Lewis Barr,14.2
Jacob Blaney,14.3
Cameron Bruce,13.6
Kurtis Forsythe,16.4
Graham Kelly,52.3
Ryan McKay,23.7
Scot Rough,16.4
Adam Glenny,47.8
Peter Maguire,12.1
Cahal McGinty,21.2
Barney McKeown,22.6
John Scott,17.8
Steven Scott,34.3
Danny Wallace,30.4
Ryan Cooney,83.2
Zeno Ibsen Rossi,37.7
Marcus Kane,52.3
Daniel Larmour,55.4
Jarlath O'Rourke,34.2
Tomas Cosgrove,89.6
Aaron Donnelly,62.1
Sean Graham,100.5
Matt Ridley,111.7
Sam McClelland,43.0
James Simpson,28.1
Logan Wallace,28.0
Tiernan Boorman,32.3
Rodney Brown,29.5
Kieran Farren,32.3
Daniel Lafferty,13.6
Adam Mullan,28.1
Stephen O'Donnell,19.0
Matthew Walker,41.1
Sean Brown,61.0
Jon Graham,18.7
Ben Hall,72.4
Darragh Leahy,28.1
Dane McCullough,36.4
Ethan McGee,49.2
Ryan Nolan,71.5
Baris Altintop,30.9
Rhys Breen,28.1
Matthew Carson,37.5
Lee Chapman,24.6
Michael Hewitt,28.1
Divin Isamala,15.7
Lewis MacKinnon,26.0
Aaron Traynor,15.6
Josh Archer,42.3
Charlie Allen,40.2
Stephen Fallon,31.1
James Hood,31.6
Owen Mahoney,31.6
Caoimhin McConnell,31.6
Sean Murray,26.0
Donal Rocks,27.9
Fuad Sule,37.1
Liam Burns,43.3
Oisin Devlin,24.8
Ross Ferguson,116.5
Lewis Harrison,42.3
Liam Hassin,63.0
Scott McArthur,15.2
Tiarnan Mulvenna,72.2
Kyle Cherry,33.0
Seanan Clucas,20.2
Joe Crowe,51.2
Matthew Snoddy,52.4
Aidan Steele,73.8
Bayo Fapetu,38.0
Rory Hale,61.9
Dean McMaster,68.3
Joe Sheridan,48.2
Joel Thompson,24.1
Harry Wilson,53.5
Dylan Boyle,59.2
Mark Coyle,33.9
Senan Devine,70.6
Oliver Devlin,31.6
Jay Henderson,39.9
Rowan McDonald,46.5
Connor Murray,21.1
Will Patching,98.2
Ben Wylie,78.5
Lloyd Anderson,63.5
Jack Doherty,33.2
Harry Jewitt-White,23.0
Oilibhear McCart,18.2
Kieran McKechnie,30.6
Finley Thorndike,52.7
Robbie Weir,35.4
Josh Williamson,45.6
Leo Alves,51.4
Gael Bigirimana,47.0
Paul Doyle,26.7
Shea Gordon,32.3
Tiernan Kelly,54.7
Kris Lowe,28.5
Michael McElhatton,26.6
Bobby-Jack McAleese,33.2
Liam Burt,50.7
James Douglas,16.9
Josh Kelly,49.2
Charlie Lindsay,24.8
Jack Malone,56.7
Aaron McEneff,50.2
James Singleton,54.9
Greg Sloggett,46.5
Joe Thomson,46.7
Cormac Austin,38.0
Dan Bent,42.5
Ronan Doherty,44.6
Chris Gallagher,64.7
Jordan McEneff,46.3
Leroy Millar,53.2
Mark Randall,57.1
Dylan Sloan,21.3
Ruairi Boorman,39.9
Sean Carlin,41.6
Alfie Gaston,31.6
Aaron Jarvis,47.1
Philip Lowry,43.7
Stephen Lowry,43.7
Jake Martin,31.6
Connor McCloskey,39.9
Lewis Tosh,43.7
Ronan Wilson,38.0
Isaac Baird,51.2
Adam Frizzell,34.2
Kyle McClean,90.5
Jamie Mulgrew,34.5
Chris Shields,32.9
Dylan Wells,46.5
Dominic Dos Santos Martins,38.0
Rabby Tabu Minzamba,32.5
Jack Scott,54.4
Gary Thompson,40.5
Adamh Towe,29.6
Luke Wilson,33.5
Success Edogun,63.5
Ben Kennedy,47.5
Calvin McCurry,41.1
Ben Arthurs,91.3
Jay Boyd,39.5
Ben Cushnie,64.6
Lucas McRoberts,45.9
Michael Morgan,51.4
Jack O'Mahony,41.3
Jack Boyd,17.3
Danny Gibson,141.5
Jack Hastings,45.9
Paul Heatley,81.8
Adam Lecky,85.3
Nedas Maciulaitis,34.3
Joe Moore,37.6
Daire O'Connor,57.8
Rhyss Campbell,27.4
Ryan Corrigan,15.9
Ryan Curran,68.0
Joe Gormley,65.3
Keevan Hawthorne,40.5
Brian Healy,46.7
Liam McStravick,37.6
Eric McWoods,38.8
Ben Quinn,48.2
James Akintunde,28.0
Joel Cooper,170.9
Ben Doherty,61.2
Lewis McGregor,47.4
Conor McMenamin,61.2
Matthew Shevlin,133.7
Adam Brooks,96.5
Elliot Dunlop,72.2
Thomas Maguire,43.6
Michael Mulholland,40.2
Stewart Nixon,35.0
Owen Wardell,40.2
Sam Anderson,17.7
Aidan Hegarty,40.2
Kealan Dillon,67.4
Jamie Glackin,65.4
Sean McAllister,67.4
Darragh McBrien,19.9
Andrew Mitchell,47.2
Corey Smith,38.8
Ross Clarke,55.0
Josh Daniels,43.4
Nathaniel Ferris,39.5
Ben Gallagher,22.0
Pat Hoban,179.7
Jordan Jenkins,59.2
Jordan Stewart,78.0
Rhys Walsh,45.9
Montel Gibson,53.6
Matthew Lusty,65.9
Benji Magee,50.2
Conor McKendry,57.2
Tiarnan O'Connor,83.2
Kevin O'Hara,64.3
Paul O'Neill,80.1
Leon Boyd,18.4
John Butcher,40.2
Oisin Duffy,38.3
Michael Harris,38.3
Rhys Annett,35.2
Charlie Chapman,38.3
Matthew Fitzpatrick,123.9
Kirk Millar,67.5
Kobei Moore,40.8
Kieran Offord,62.7
Oatnasio da Silva,38.3
Conor Falls,50.2
Eamon Fyfe,101.5
Liam Jessop,45.9
Ahu Obhakhan,31.3
Sean O'Mahony,45.9
James Teelan,74.3
Rayhaan Tulloch,28.0
Oran Kearney,26.2
Lee Feeney,39.2
Stephen Baxter,45.8
Jim Magilton,48.4
Ruaidhri Higgins,70.9
Declan Caddell,35.6
Rodney McAree,46.0
Declan Devine,74.4
Gary Haveron,31.8
Paul Owens,39.4
David Healy,60.6
David Jeffrey,39.4
